feature,coefficient,abs_coefficient
cat__TimeControl_540+15,272.01008343539576,272.01008343539576
cat__TimeControl_1500+16,256.8029130294389,256.8029130294389
cat__TimeControl_2100+30,-225.03381115635707,225.03381115635707
cat__TimeControl_180+21,218.34552241891413,218.34552241891413
cat__TimeControl_0+1,217.7600597451405,217.7600597451405
cat__TimeControl_420+13,-216.76365074322317,216.76365074322317
cat__TimeControl_480+12,215.31900089985677,215.31900089985677
cat__TimeControl_0+5,-214.14659008464812,214.14659008464812
cat__TimeControl_2700+15,213.79642049431328,213.79642049431328
cat__TimeControl_180+7,-210.55656038601825,210.55656038601825
cat__TimeControl_1140+5,-209.8361915114642,209.8361915114642
cat__TimeControl_540+1,200.06389179518135,200.06389179518135
cat__TimeControl_7200+180,197.46014619100634,197.46014619100634
cat__TimeControl_600+16,193.8062377777149,193.8062377777149
cat__TimeControl_540+14,193.316831604582,193.316831604582
cat__TimeControl_660+6,188.9268930973364,188.9268930973364
cat__TimeControl_720+4,-185.72954247053335,185.72954247053335
cat__TimeControl_0+3,-185.5368885766929,185.5368885766929
cat__TimeControl_360+30,-183.86388515152728,183.86388515152728
cat__TimeControl_1200+25,181.62551539989374,181.62551539989374
cat__TimeControl_780+1,-174.03977437792466,174.03977437792466
cat__TimeControl_900+13,-173.65494596207566,173.65494596207566
cat__TimeControl_120+12,170.58149818413725,170.58149818413725
cat__TimeControl_2400+8,170.54589846404411,170.54589846404411
cat__TimeControl_540+0,164.77625942060882,164.77625942060882
cat__TimeControl_1500+30,164.74579330427372,164.74579330427372
cat__TimeControl_240+11,163.05043061022408,163.05043061022408
cat__TimeControl_660+3,-161.85018158191846,161.85018158191846
cat__TimeControl_60+0,161.23822676298053,161.23822676298053
cat__TimeControl_480+16,159.33535303738202,159.33535303738202
cat__TimeControl_300+12,157.27364334680433,157.27364334680433
cat__TimeControl_180+0,156.58765154798996,156.58765154798996
cat__TimeControl_360+11,-153.35308464601252,153.35308464601252
cat__TimeControl_0+16,149.97053187040743,149.97053187040743
cat__TimeControl_1800+7,-147.56739124177236,147.56739124177236
cat__TimeControl_0+8,-146.2667807812762,146.2667807812762
cat__TimeControl_1080+15,-144.88345020438143,144.88345020438143
cat__TimeControl_60+4,142.3326060477661,142.3326060477661
cat__TimeControl_1080+11,-141.2889485680954,141.2889485680954
cat__TimeControl_960+14,-141.08069735243782,141.08069735243782
cat__TimeControl_480+0,136.24327011771766,136.24327011771766
cat__TimeControl_360+3,-135.7685669754457,135.7685669754457
cat__TimeControl_300+6,134.79071008906755,134.79071008906755
cat__TimeControl_480+2,134.71397116652906,134.71397116652906
cat__TimeControl_60+19,133.98162129955526,133.98162129955526
cat__TimeControl_480+13,-133.94590442966245,133.94590442966245
cat__TimeControl_180+11,-133.09124066899048,133.09124066899048
cat__TimeControl_1800+35,132.1802937288214,132.1802937288214
cat__TimeControl_120+8,-132.02734871711095,132.02734871711095
cat__TimeControl_1020+17,-131.58122626841728,131.58122626841728
cat__TimeControl_60+20,131.18335860089866,131.18335860089866
cat__TimeControl_960+30,-129.99606150626735,129.99606150626735
cat__TimeControl_420+3,128.40682520410635,128.40682520410635
cat__TimeControl_420+4,128.34394270752398,128.34394270752398
cat__TimeControl_360+1,-128.03324131624416,128.03324131624416
cat__ECO_C20,-127.83723606675157,127.83723606675157
cat__TimeControl_120+1,-127.24920141021825,127.24920141021825
cat__TimeControl_840+3,126.75746905931209,126.75746905931209
cat__TimeControl_480+7,126.59035342215715,126.59035342215715
cat__TimeControl_120+4,-126.58074792874932,126.58074792874932
cat__TimeControl_240+13,125.85489769964194,125.85489769964194
cat__TimeControl_600+7,125.81802555556669,125.81802555556669
cat__TimeControl_240+12,125.32201386248391,125.32201386248391
cat__TimeControl_1020+14,124.66951713433853,124.66951713433853
cat__ECO_A52,124.10773930637109,124.10773930637109
cat__TimeControl_180+12,123.61889254608774,123.61889254608774
cat__TimeControl_960+25,123.23366714504965,123.23366714504965
cat__TimeControl_2700+4,-121.49197076566092,121.49197076566092
cat__TimeControl_5400+1,120.96492056116888,120.96492056116888
cat__TimeControl_120+7,-120.90784455374656,120.90784455374656
cat__TimeControl_540+16,-120.28435468237583,120.28435468237583
cat__TimeControl_480+11,-120.25247230424219,120.25247230424219
cat__TimeControl_180+10,120.21178770639365,120.21178770639365
cat__TimeControl_900+6,-119.83836950938243,119.83836950938243
cat__TimeControl_300+30,-119.25443346779323,119.25443346779323
cat__TimeControl_360+7,118.56720653330723,118.56720653330723
cat__TimeControl_600+60,118.42024920536682,118.42024920536682
cat__TimeControl_840+8,-116.89364812173213,116.89364812173213
cat__TimeControl_300+7,114.9888216722656,114.9888216722656
cat__TimeControl_840+11,114.8262313115242,114.8262313115242
cat__TimeControl_2700+0,113.43417288608732,113.43417288608732
cat__TimeControl_420+16,112.96687262055936,112.96687262055936
cat__TimeControl_420+12,-112.66546467896245,112.66546467896245
cat__TimeControl_180+15,-112.58036692968815,112.58036692968815
cat__TimeControl_960+12,-112.04485564889414,112.04485564889414
cat__TimeControl_3600+9,-110.66990770378588,110.66990770378588
cat__TimeControl_60+6,-110.65177826161697,110.65177826161697
cat__TimeControl_1200+60,-110.4245438259534,110.4245438259534
cat__TimeControl_480+20,-110.24483669819534,110.24483669819534
cat__ECO_B90,109.14110947154404,109.14110947154404
cat__TimeControl_1740+30,-108.94431706903076,108.94431706903076
cat__TimeControl_420+9,108.30115219253344,108.30115219253344
cat__TimeControl_180+2,107.58367462220541,107.58367462220541
cat__TimeControl_180+1,106.89322985791095,106.89322985791095
cat__TimeControl_2100+25,-105.66432966363303,105.66432966363303
cat__ECO_B43,105.40362692497982,105.40362692497982
cat__TimeControl_840+1,-105.3159599013591,105.3159599013591
cat__TimeControl_1800+6,-103.81975566720511,103.81975566720511
cat__TimeControl_1020+1,103.39633763780057,103.39633763780057
cat__TimeControl_420+1,-102.87553915672764,102.87553915672764
cat__TimeControl_2400+30,102.8561599365195,102.8561599365195
cat__TimeControl_420+2,102.38948844609396,102.38948844609396
cat__TimeControl_780+5,-102.18002224426084,102.18002224426084
cat__TimeControl_660+8,-102.0493247914235,102.0493247914235
cat__TimeControl_1200+2,-101.65635129702163,101.65635129702163
cat__TimeControl_120+11,100.81918827987406,100.81918827987406
cat__TimeControl_240+6,-100.64719135459947,100.64719135459947
cat__ECO_C40,-99.95317250775035,99.95317250775035
cat__TimeControl_3600+30,-99.63667613148098,99.63667613148098
cat__TimeControl_3600+90,99.4223958229505,99.4223958229505
cat__TimeControl_900+7,98.16266238032198,98.16266238032198
cat__TimeControl_1080+0,96.5785726952545,96.5785726952545
cat__TimeControl_660+15,-96.36610679140189,96.36610679140189
cat__TimeControl_960+16,-95.15618329026397,95.15618329026397
cat__TimeControl_9000+0,95.0550041581547,95.0550041581547
cat__TimeControl_540+2,94.77654750081466,94.77654750081466
cat__TimeControl_1200+1,-94.57079736141264,94.57079736141264
cat__TimeControl_720+13,-94.48348683831522,94.48348683831522
cat__TimeControl_60+25,94.17335156270376,94.17335156270376
cat__TimeControl_1140+0,-93.9223199488028,93.9223199488028
cat__TimeControl_1200+7,-92.87173485631943,92.87173485631943
cat__TimeControl_60+13,-92.50439346094727,92.50439346094727
cat__TimeControl_780+6,92.4089071038424,92.4089071038424
cat__ECO_A00,-91.76020951172241,91.76020951172241
cat__TimeControl_3600+180,-91.42627543944994,91.42627543944994
cat__ECO_B53,90.92616166831331,90.92616166831331
cat__TimeControl_1800+13,-90.81885150470433,90.81885150470433
cat__ECO_C46,-90.77155043859175,90.77155043859175
cat__TimeControl_360+10,90.66178997953338,90.66178997953338
cat__TimeControl_3600+1,-89.9794113706695,89.9794113706695
cat__TimeControl_2700+20,-89.94922438993477,89.94922438993477
cat__TimeControl_360+5,89.93132278894461,89.93132278894461
cat__TimeControl_10800+2,89.874952968842,89.874952968842
cat__ECO_B18,88.50541448264518,88.50541448264518
cat__TimeControl_1080+8,-88.26733376293582,88.26733376293582
cat__ECO_Other,87.78391118056533,87.78391118056533
cat__TimeControl_300+25,-87.73703480110677,87.73703480110677
cat__ECO_D11,87.46561679178879,87.46561679178879
cat__TimeControl_10800+30,-87.37337833546407,87.37337833546407
cat__ECO_A57,86.78616188892792,86.78616188892792
cat__TimeControl_780+9,-86.51067598962791,86.51067598962791
cat__TimeControl_3600+3,86.2421077008633,86.2421077008633
cat__ECO_C23,-86.16959800378018,86.16959800378018
cat__TimeControl_60+45,85.8772231412527,85.8772231412527
cat__ECO_C41,-85.25126445423396,85.25126445423396
cat__ECO_A56,85.16144351441831,85.16144351441831
cat__ECO_B33,84.81029831020419,84.81029831020419
cat__TimeControl_840+15,84.45497476283356,84.45497476283356
cat__TimeControl_360+15,-83.91185298709249,83.91185298709249
cat__TimeControl_0+4,-83.79096954982245,83.79096954982245
cat__TimeControl_960+5,83.46037821771783,83.46037821771783
cat__TimeControl_0+7,-82.90279590135681,82.90279590135681
cat__TimeControl_1500+1,82.7276533507164,82.7276533507164
cat__Event_Rated Classical game,-82.28894121180858,82.28894121180858
cat__TimeControl_1140+4,-82.21149256648044,82.21149256648044
cat__TimeControl_720+15,81.60041863535356,81.60041863535356
cat__TimeControl_720+7,80.8283889419822,80.8283889419822
cat__ECO_C27,-80.65011010756797,80.65011010756797
cat__Event_Rated Bullet game,80.18953540517258,80.18953540517258
cat__ECO_D00,-79.28647464880096,79.28647464880096
cat__TimeControl_1500+20,-79.06631544526654,79.06631544526654
cat__TimeControl_120+6,-79.0217048609215,79.0217048609215
cat__TimeControl_840+12,78.9321498679011,78.9321498679011
cat__TimeControl_180+5,-78.21336725827837,78.21336725827837
cat__TimeControl_60+12,78.0121915663291,78.0121915663291
cat__ECO_A16,77.3624034331047,77.3624034331047
cat__ECO_D01,-77.30957461672308,77.30957461672308
cat__ECO_A08,77.13184725682989,77.13184725682989
cat__TimeControl_1200+8,-76.49966407122886,76.49966407122886
cat__ECO_A15,76.19134145100385,76.19134145100385
cat__TimeControl_660+10,-75.83395598779802,75.83395598779802
cat__TimeControl_1080+1,-75.76781219873978,75.76781219873978
cat__TimeControl_60+60,-75.51506164023309,75.51506164023309
cat__ECO_A49,75.36001128311491,75.36001128311491
cat__TimeControl_720+20,-75.04940935108824,75.04940935108824
cat__TimeControl_300+14,-75.0414109410569,75.0414109410569
cat__TimeControl_1800+11,-74.9182792385235,74.9182792385235
cat__ECO_A01,-74.86704037321394,74.86704037321394
cat__TimeControl_420+15,74.84924517513166,74.84924517513166
cat__ECO_C55,-74.72303744479606,74.72303744479606
cat__TimeControl_60+7,-74.63032474297567,74.63032474297567
cat__ECO_D15,74.59859660053138,74.59859660053138
cat__TimeControl_2100+10,-74.1631883247558,74.1631883247558
cat__TimeControl_360+12,74.06917309333431,74.06917309333431
cat__ECO_C24,-74.01535596385746,74.01535596385746
cat__TimeControl_1500+11,-73.8147808382058,73.8147808382058
cat__TimeControl_1800+16,73.75906099954219,73.75906099954219
cat__TimeControl_2700+1,73.56640053030239,73.56640053030239
cat__TimeControl_420+17,73.50220904011763,73.50220904011763
cat__ECO_C60,-72.68384443673733,72.68384443673733
cat__TimeControl_1500+8,-72.28995953888372,72.28995953888372
cat__TimeControl_780+17,72.2718948975969,72.2718948975969
cat__TimeControl_840+9,72.02198408239602,72.02198408239602
cat__TimeControl_1080+16,71.77171417416315,71.77171417416315
cat__TimeControl_10800+8,-71.33505931614927,71.33505931614927
cat__TimeControl_660+9,71.31002164401438,71.31002164401438
cat__TimeControl_600+6,71.08149348059327,71.08149348059327
cat__TimeControl_600+9,70.90742502173408,70.90742502173408
cat__ECO_B34,70.71795321355502,70.71795321355502
cat__TimeControl_60+3,-70.65031016024052,70.65031016024052
cat__TimeControl_720+12,70.04305906533735,70.04305906533735
cat__TimeControl_360+4,69.93142131308679,69.93142131308679
cat__TimeControl_1800+2,-69.8106279801723,69.8106279801723
cat__ECO_A42,69.80361348438711,69.80361348438711
cat__TimeControl_1800+5,69.63954943435976,69.63954943435976
cat__TimeControl_1800+30,69.63612442696511,69.63612442696511
cat__ECO_B23,69.59250813490834,69.59250813490834
cat__TimeControl_780+11,-69.55525177892488,69.55525177892488
cat__TimeControl_1500+15,-69.51726066681174,69.51726066681174
cat__ECO_B00,-69.42362719191468,69.42362719191468
cat__ECO_C26,-69.24906787647322,69.24906787647322
cat__TimeControl_1080+19,69.1745669385393,69.1745669385393
cat__TimeControl_1500+7,-68.88286594726941,68.88286594726941
cat__TimeControl_900+30,68.4114353391338,68.4114353391338
cat__ECO_B15,68.11626463113207,68.11626463113207
cat__TimeControl_1500+4,-67.61600453639674,67.61600453639674
cat__TimeControl_540+150,-67.3179642925929,67.3179642925929
cat__Termination_Other,67.0950840447906,67.0950840447906
cat__ECO_C42,-67.07761656511691,67.07761656511691
cat__TimeControl_60+14,-66.68248723385958,66.68248723385958
cat__ECO_C22,-66.64556754062369,66.64556754062369
cat__ECO_A20,-66.48196860955015,66.48196860955015
cat__TimeControl_120+9,66.45409504391304,66.45409504391304
cat__TimeControl_540+7,66.23885913238928,66.23885913238928
cat__ECO_C61,-65.944079144003,65.944079144003
cat__ECO_C68,-65.6184064800336,65.6184064800336
cat__TimeControl_2400+19,-65.33241689883707,65.33241689883707
cat__TimeControl_780+13,65.3048471801764,65.3048471801764
cat__TimeControl_2100+1,64.98648078161287,64.98648078161287
cat__ECO_D37,64.55278749506456,64.55278749506456
cat__TimeControl_780+0,64.51356685951238,64.51356685951238
cat__TimeControl_780+4,-64.43133889028842,64.43133889028842
cat__TimeControl_1080+3,-64.34294964331795,64.34294964331795
cat__ECO_C00,-64.3231478354341,64.3231478354341
cat__ECO_A48,64.16020669193658,64.16020669193658
cat__TimeControl_600+14,-63.58746095841682,63.58746095841682
cat__TimeControl_1800+25,63.538017558242316,63.538017558242316
cat__TimeControl_3600+60,-63.4620132350182,63.4620132350182
cat__TimeControl_840+7,-62.96319377798494,62.96319377798494
cat__ECO_C65,-62.852951430103566,62.852951430103566
cat__TimeControl_600+12,62.711734341898314,62.711734341898314
cat__TimeControl_10800+10,62.6829967128856,62.6829967128856
cat__ECO_D20,-62.49888956230788,62.49888956230788
cat__ECO_C11,62.3958530748579,62.3958530748579
cat__TimeControl_420+0,-62.0953127353466,62.0953127353466
cat__TimeControl_120+13,62.034762059546516,62.034762059546516
cat__TimeControl_2100+9,61.41134006950831,61.41134006950831
cat__ECO_A51,61.37459457031062,61.37459457031062
cat__TimeControl_360+9,-61.34673290353102,61.34673290353102
cat__TimeControl_0+20,61.3398256007154,61.3398256007154
cat__TimeControl_600+3,61.30152269546503,61.30152269546503
cat__TimeControl_120+30,61.075427804612524,61.075427804612524
cat__TimeControl_600+2,60.7429253781553,60.7429253781553
cat__TimeControl_1200+16,-60.657635507685114,60.657635507685114
cat__ECO_C44,-60.550290165994795,60.550290165994795
cat__TimeControl_720+9,-60.514694479068744,60.514694479068744
cat__TimeControl_2400+7,-60.16500544921402,60.16500544921402
cat__TimeControl_7200+25,-60.114980632746445,60.114980632746445
cat__TimeControl_2100+2,59.76497659474621,59.76497659474621
cat__TimeControl_1800+9,59.72031498801867,59.72031498801867
cat__TimeControl_960+4,-59.66890112683439,59.66890112683439
cat__ECO_C34,-59.3525954033747,59.3525954033747
cat__TimeControl_300+13,59.31229562747,59.31229562747
cat__TimeControl_1200+5,-59.29708227563967,59.29708227563967
cat__TimeControl_300+17,-59.208123759556514,59.208123759556514
cat__TimeControl_2700+30,59.04387534327367,59.04387534327367
cat__TimeControl_240+0,59.01309153866065,59.01309153866065
cat__TimeControl_480+15,58.81637167086062,58.81637167086062
cat__TimeControl_7200+13,-58.229382714744396,58.229382714744396
cat__TimeControl_900+14,57.4651296774304,57.4651296774304
cat__ECO_B22,57.43839368143987,57.43839368143987
cat__Termination_Time forfeit,-57.253802473717464,57.253802473717464
cat__ECO_C48,-57.177995686811194,57.177995686811194
cat__TimeControl_540+8,-57.09140893888137,57.09140893888137
cat__TimeControl_3600+8,-57.02356957720689,57.02356957720689
cat__TimeControl_1800+20,56.67349226638688,56.67349226638688
cat__ECO_C50,-56.46405537276768,56.46405537276768
cat__ECO_A40,-56.09242755508922,56.09242755508922
cat__TimeControl_1080+10,-56.01067446943284,56.01067446943284
cat__TimeControl_1800+60,55.665138664403614,55.665138664403614
cat__TimeControl_840+10,-55.3657821708051,55.3657821708051
cat__TimeControl_60+180,-55.31082555076652,55.31082555076652
cat__TimeControl_660+2,-55.00270262103442,55.00270262103442
cat__TimeControl_720+10,54.923704339734314,54.923704339734314
cat__TimeControl_1200+3,-54.74512282452317,54.74512282452317
cat__TimeControl_2100+20,54.63064491217603,54.63064491217603
cat__ECO_B13,54.578065819279026,54.578065819279026
cat__TimeControl_1020+3,-54.55210327737164,54.55210327737164
cat__TimeControl_10800+180,54.17733513295344,54.17733513295344
cat__TimeControl_660+12,-54.13402588702979,54.13402588702979
cat__TimeControl_9000+1,-53.8164045326842,53.8164045326842
cat__ECO_D06,-53.5393354733234,53.5393354733234
cat__TimeControl_900+17,-52.83272578191597,52.83272578191597
cat__TimeControlBucket_rapid,52.6763723507583,52.6763723507583
cat__TimeControl_480+6,52.624848086774016,52.624848086774016
cat__TimeControl_1800+8,-52.50968326136575,52.50968326136575
cat__TimeControlBucket_bullet,-52.50460883086461,52.50460883086461
cat__TimeControl_2400+20,-52.119476881538034,52.119476881538034
cat__TimeControl_0+6,-52.02103550286861,52.02103550286861
cat__TimeControl_540+20,-51.633073253280955,51.633073253280955
cat__TimeControl_1200+20,50.623339079702426,50.623339079702426
cat__TimeControl_480+3,50.477895809759104,50.477895809759104
cat__ECO_A07,49.99884413000168,49.99884413000168
cat__TimeControl_600+19,-49.9431487444312,49.9431487444312
cat__TimeControl_1080+2,49.93863308749882,49.93863308749882
cat__TimeControl_60+2,-49.90617047977777,49.90617047977777
cat__TimeControl_540+11,-49.319368022101706,49.319368022101706
cat__TimeControl_720+0,49.272206906745474,49.272206906745474
cat__TimeControl_2100+11,49.194949115106716,49.194949115106716
cat__ECO_D08,49.166103594692,49.166103594692
cat__TimeControl_1200+6,-48.99691549897028,48.99691549897028
cat__TimeControl_300+3,-48.970682963064085,48.970682963064085
cat__ECO_A46,48.823966324322704,48.823966324322704
cat__TimeControl_180+14,48.787872097069126,48.787872097069126
cat__ECO_B11,48.53090561769196,48.53090561769196
cat__ECO_B20,-48.48503075297014,48.48503075297014
cat__TimeControl_2700+17,-47.92310826328535,47.92310826328535
cat__TimeControl_300+9,47.912966356706725,47.912966356706725
cat__TimeControl_0+30,-47.4700720846671,47.4700720846671
cat__TimeControl_0+180,-47.15723613975117,47.15723613975117
cat__TimeControl_300+0,47.03394519464616,47.03394519464616
cat__ECO_D43,46.928525455534256,46.928525455534256
cat__TimeControl_720+6,-46.38737539235445,46.38737539235445
cat__ECO_B02,-46.10991995401782,46.10991995401782
cat__TimeControl_660+11,-46.07049230112581,46.07049230112581
cat__TimeControl_60+1,45.95434012462759,45.95434012462759
cat__TimeControl_60+15,45.91949097114177,45.91949097114177
cat__TimeControl_2100+8,-45.76709406820248,45.76709406820248
cat__TimeControl_960+1,-45.698549795241405,45.698549795241405
cat__TimeControl_840+2,-45.56557993168497,45.56557993168497
cat__ECO_A41,-45.248251165595946,45.248251165595946
cat__TimeControl_1080+7,-45.163652052246995,45.163652052246995
cat__TimeControl_120+3,-45.12661566067349,45.12661566067349
cat__TimeControl_180+9,45.06678006611941,45.06678006611941
cat__TimeControl_600+4,44.895130606154105,44.895130606154105
cat__TimeControl_60+8,-44.804003098898164,44.804003098898164
cat__TimeControl_60+10,-44.325902593983855,44.325902593983855
cat__TimeControl_900+35,-44.26027515954058,44.26027515954058
cat__TimeControl_300+8,43.768518902377615,43.768518902377615
cat__TimeControl_1020+12,43.58308147444748,43.58308147444748
cat__TimeControl_600+8,-43.53867906763357,43.53867906763357
cat__TimeControl_960+0,43.36754406424673,43.36754406424673
cat__ECO_B56,43.2479605593821,43.2479605593821
cat__TimeControl_1800+10,-43.01148139830054,43.01148139830054
cat__TimeControl_480+8,42.945969821985884,42.945969821985884
cat__ECO_C35,42.69573582415467,42.69573582415467
cat__TimeControl_900+60,42.684766066019264,42.684766066019264
cat__TimeControl_180+20,42.450112275408394,42.450112275408394
cat__TimeControl_7200+120,42.39379476618828,42.39379476618828
cat__TimeControl_2700+7,42.367716214260916,42.367716214260916
cat__TimeControl_10800+9,-42.148818609029874,42.148818609029874
cat__TimeControl_960+2,-42.141673025064584,42.141673025064584
cat__TimeControl_2400+5,-41.906064068170416,41.906064068170416
cat__ECO_C31,41.903934091772435,41.903934091772435
cat__ECO_A09,41.86943619761274,41.86943619761274
cat__TimeControl_180+6,-41.813710410971886,41.813710410971886
cat__TimeControl_60+5,-41.458673693009445,41.458673693009445
cat__ECO_C57,-41.43630250056736,41.43630250056736
cat__TimeControl_840+0,41.416345949409724,41.416345949409724
cat__TimeControl_600+25,-41.23409049871859,41.23409049871859
cat__TimeControl_1080+9,41.1657548278413,41.1657548278413
cat__TimeControl_960+8,-40.862920302217724,40.862920302217724
cat__TimeControl_300+20,-40.610886656585755,40.610886656585755
cat__TimeControl_1200+15,40.45063581529901,40.45063581529901
cat__TimeControl_420+20,40.414962944760205,40.414962944760205
cat__TimeControl_540+10,40.384648481118404,40.384648481118404
cat__TimeControl_900+90,40.15548879454389,40.15548879454389
cat__ECO_C62,-39.59680632954531,39.59680632954531
cat__TimeControl_5400+30,-39.52879228264634,39.52879228264634
cat__TimeControl_300+4,-39.44180647975943,39.44180647975943
cat__TimeControl_180+3,39.2956008889264,39.2956008889264
cat__TimeControl_2700+8,-39.2936518164303,39.2936518164303
cat__TimeControl_120+2,39.081532604867874,39.081532604867874
cat__TimeControl_240+8,39.05225964315469,39.05225964315469
cat__ECO_C30,-39.01527133916235,39.01527133916235
cat__TimeControl_780+14,-38.98927721808577,38.98927721808577
cat__TimeControl_660+0,38.92045118588694,38.92045118588694
cat__ECO_D04,-38.86223636981572,38.86223636981572
cat__TimeControl_1200+0,-38.30986282156298,38.30986282156298
cat__TimeControl_0+9,37.52549849331336,37.52549849331336
cat__TimeControl_540+5,37.38184655048738,37.38184655048738
cat__ECO_B45,37.321993339164045,37.321993339164045
cat__TimeControl_420+35,-37.30914641492522,37.30914641492522
cat__TimeControl_900+1,37.22036994016397,37.22036994016397
cat__TimeControl_900+180,-37.17568269319467,37.17568269319467
cat__TimeControl_840+4,-37.13214753092816,37.13214753092816
cat__TimeControl_720+3,-37.11149211758408,37.11149211758408
cat__ECO_A06,-37.0070461913591,37.0070461913591
cat__TimeControl_180+18,-36.83803140397649,36.83803140397649
cat__TimeControl_420+10,36.59031264733425,36.59031264733425
cat__TimeControl_420+6,36.359987185473614,36.359987185473614
cat__TimeControl_900+11,-36.32437663073466,36.32437663073466
cat__TimeControl_10800+5,35.82218407462577,35.82218407462577
cat__TimeControl_2700+45,35.817844478847185,35.817844478847185
cat__TimeControl_540+13,35.7670575975951,35.7670575975951
cat__TimeControl_540+9,35.735503861804474,35.735503861804474
cat__TimeControl_960+6,35.4025132865545,35.4025132865545
cat__TimeControl_900+4,-34.97195346403812,34.97195346403812
cat__TimeControl_2100+0,-34.82935960901867,34.82935960901867
cat__ECO_D30,-34.7662649752819,34.7662649752819
cat__ECO_C02,-34.696852548169524,34.696852548169524
cat__TimeControl_9000+150,34.69626310970928,34.69626310970928
cat__TimeControl_720+180,-34.66470535373351,34.66470535373351
cat__TimeControl_420+5,34.32351532512619,34.32351532512619
cat__ECO_A85,34.30265561493122,34.30265561493122
cat__ECO_D53,34.2417803800505,34.2417803800505
cat__ECO_C33,34.03953896683258,34.03953896683258
cat__TimeControl_780+3,-33.98320154039747,33.98320154039747
cat__TimeControl_300+19,-33.94185562779626,33.94185562779626
cat__TimeControl_60+16,-33.89326977321413,33.89326977321413
cat__TimeControl_1140+1,-33.55334706747171,33.55334706747171
cat__ECO_C70,33.55312973544063,33.55312973544063
cat__TimeControl_1500+2,-33.33463894902609,33.33463894902609
cat__ECO_D02,-33.24504254410623,33.24504254410623
cat__TimeControl_2400+10,-33.10364991328051,33.10364991328051
cat__ECO_D05,-33.042056279833155,33.042056279833155
cat__ECO_C47,-32.687066243703384,32.687066243703384
cat__ECO_C21,-32.645121731132434,32.645121731132434
cat__ECO_B08,32.582853465496264,32.582853465496264
cat__TimeControl_5400+0,32.51029727217752,32.51029727217752
cat__TimeControl_60+30,32.38035885731097,32.38035885731097
cat__TimeControl_1020+8,-32.16063659829186,32.16063659829186
cat__TimeControl_300+10,32.09142008315977,32.09142008315977
cat__TimeControl_60+40,-31.999932925735706,31.999932925735706
cat__TimeControl_10800+40,-31.797557247332353,31.797557247332353
cat__ECO_B54,-31.562436395733243,31.562436395733243
cat__TimeControl_600+5,31.514998701110855,31.514998701110855
cat__TimeControl_420+30,31.451013982488682,31.451013982488682
cat__ECO_B01,-31.423586635641342,31.423586635641342
cat__TimeControl_1140+20,-31.286153970822777,31.286153970822777
cat__TimeControl_120+15,-31.21610089823118,31.21610089823118
cat__TimeControl_480+9,-31.1318415558831,31.1318415558831
cat__TimeControl_480+5,31.020709671117707,31.020709671117707
cat__TimeControl_1020+15,30.697641276076176,30.697641276076176
cat__TimeControl_1500+6,30.697105430486957,30.697105430486957
cat__TimeControl_2100+40,30.653015683595218,30.653015683595218
cat__TimeControl_480+10,30.58092269020928,30.58092269020928
cat__TimeControl_840+5,30.477461102110937,30.477461102110937
cat__TimeControl_600+0,29.99659792435406,29.99659792435406
cat__TimeControl_1020+2,-29.980240257294827,29.980240257294827
cat__TimeControl_240+7,-29.8044363466077,29.8044363466077
cat__TimeControl_240+90,-29.73357386236164,29.73357386236164
cat__ECO_B06,-29.667572939519854,29.667572939519854
cat__ECO_A10,-29.498170476683605,29.498170476683605
cat__TimeControl_9000+13,-29.47457594851373,29.47457594851373
cat__ECO_D32,29.455937929224305,29.455937929224305
cat__TimeControl_960+9,29.409798539845504,29.409798539845504
cat__TimeControl_720+14,-28.91227628122594,28.91227628122594
cat__TimeControl_1200+4,-28.628890764061705,28.628890764061705
cat__TimeControl_360+25,28.467113032115982,28.467113032115982
cat__TimeControl_1740+29,-28.45197775802308,28.45197775802308
cat__ECO_D07,-27.843326046829258,27.843326046829258
cat__ECO_B12,27.684351454018806,27.684351454018806
cat__TimeControl_2100+120,-27.366870593499506,27.366870593499506
cat__TimeControlBucket_blitz,-27.212403946448067,27.212403946448067
cat__TimeControl_360+0,-27.053008313772054,27.053008313772054
cat__TimeControlBucket_classical,27.04063759199405,27.04063759199405
cat__TimeControl_1020+4,26.751549139674346,26.751549139674346
cat__TimeControl_120+10,-26.615821021055094,26.615821021055094
cat__TimeControl_180+8,-26.437465474107857,26.437465474107857
cat__TimeControl_1200+35,-26.291547430874406,26.291547430874406
cat__TimeControl_660+4,-26.23006923169938,26.23006923169938
cat__ECO_E20,26.180652190040973,26.180652190040973
cat__TimeControl_2700+10,-26.089130207625225,26.089130207625225
cat__TimeControl_1500+25,-26.029005048749912,26.029005048749912
cat__ECO_C10,26.0159733881605,26.0159733881605
cat__ECO_C25,-25.898621157684122,25.898621157684122
cat__TimeControl_2100+3,25.664080638760847,25.664080638760847
num__TotalCaptures,-25.616726019885608,25.616726019885608
cat__TimeControl_300+5,-25.481584880502734,25.481584880502734
cat__TimeControl_600+20,25.05620535499741,25.05620535499741
cat__TimeControl_0+15,25.05203586089244,25.05203586089244
cat__TimeControl_1200+13,24.649356532899475,24.649356532899475
cat__TimeControl_0+2,-24.129755218230393,24.129755218230393
cat__TimeControl_240+15,-24.007631959134358,24.007631959134358
cat__TimeControl_1020+0,23.686558633078846,23.686558633078846
cat__ECO_B10,-23.672310569350895,23.672310569350895
cat__TimeControl_1500+60,-23.63619279126703,23.63619279126703
cat__ECO_A80,23.601495329741855,23.601495329741855
cat__TimeControl_2400+13,-23.574048449354827,23.574048449354827
cat__TimeControl_1500+0,-23.570129057220083,23.570129057220083
cat__ECO_D31,-23.346900463892762,23.346900463892762
num__TotalChecks,-23.299513317966397,23.299513317966397
cat__TimeControl_420+11,-23.245818252422318,23.245818252422318
cat__ECO_A43,22.61643943498102,22.61643943498102
cat__ECO_A11,22.18104193735059,22.18104193735059
cat__TimeControl_660+5,-22.142279041294014,22.142279041294014
cat__TimeControl_420+7,22.09254938317552,22.09254938317552
cat__TimeControl_1020+9,21.8820190737467,21.8820190737467
cat__TimeControl_10800+0,21.534123484871262,21.534123484871262
cat__ECO_A84,21.46881827118839,21.46881827118839
cat__ECO_B07,-21.242946286838315,21.242946286838315
cat__TimeControl_780+15,-21.120587503993264,21.120587503993264
cat__TimeControl_900+0,20.919821342047168,20.919821342047168
cat__TimeControl_480+4,20.863893243009816,20.863893243009816
cat__TimeControl_240+5,-20.71249252407744,20.71249252407744
cat__TimeControl_1800+40,20.400873303683323,20.400873303683323
cat__TimeControl_600+30,20.375630423324925,20.375630423324925
cat__TimeControl_360+6,20.324693829226085,20.324693829226085
cat__ECO_B21,20.315961754840707,20.315961754840707
cat__TimeControl_780+7,19.98488858787011,19.98488858787011
cat__ECO_E00,-19.69473680941776,19.69473680941776
cat__TimeControl_540+4,-19.096397651305338,19.096397651305338
cat__TimeControl_600+15,18.756123497622585,18.756123497622585
cat__TimeControl_1020+10,-18.10447109305412,18.10447109305412
cat__TimeControl_300+180,-18.1033596400205,18.1033596400205
cat__TimeControl_180+25,-18.05851973308512,18.05851973308512
cat__TimeControl_900+2,17.771624273013337,17.771624273013337
cat__ECO_C58,17.610420780700217,17.610420780700217
cat__ECO_A22,17.395088755885315,17.395088755885315
cat__TimeControl_960+40,17.357070575282673,17.357070575282673
cat__TimeControl_300+2,-17.327529826036947,17.327529826036947
cat__TimeControl_900+8,-17.048231418210385,17.048231418210385
cat__Event_Other,16.754008855731485,16.754008855731485
cat__TimeControl_840+14,-16.647409227788742,16.647409227788742
cat__ECO_B28,-16.526557403737222,16.526557403737222
cat__ECO_E90,16.522321069867754,16.522321069867754
cat__ECO_A53,16.48290397806186,16.48290397806186
cat__TimeControl_180+4,-16.436923645981953,16.436923645981953
cat__TimeControl_240+20,16.361922000300684,16.361922000300684
cat__TimeControl_420+8,-16.294179806181035,16.294179806181035
cat__ECO_A34,15.972945495121722,15.972945495121722
cat__TimeControl_780+8,-15.797886347019412,15.797886347019412
cat__ECO_C64,15.526835344610495,15.526835344610495
cat__ECO_C28,15.213400005751806,15.213400005751806
cat__TimeControl_960+3,-15.129553825866385,15.129553825866385
cat__Event_Rated Blitz game,-14.65460417296333,14.65460417296333
cat__TimeControl_1020+5,-14.597630331826078,14.597630331826078
cat__TimeControl_660+1,14.537518510035694,14.537518510035694
cat__TimeControl_240+2,14.443456018549188,14.443456018549188
cat__ECO_D10,-14.399065393202443,14.399065393202443
cat__TimeControl_2100+15,14.308747792470648,14.308747792470648
cat__TimeControl_900+12,-14.282943233738107,14.282943233738107
cat__TimeControl_600+13,-14.146979795304718,14.146979795304718
cat__TimeControl_300+11,-14.132396464416972,14.132396464416972
cat__TimeControl_960+7,13.953941992213101,13.953941992213101
cat__TimeControl_1140+10,-13.810680211092428,13.810680211092428
cat__ECO_C45,-13.493423664570837,13.493423664570837
cat__TimeControl_2100+60,13.461026306005612,13.461026306005612
cat__TimeControl_480+1,13.267989654249353,13.267989654249353
cat__TimeControl_360+16,13.182986712177483,13.182986712177483
num__WhitePawnMoves,13.079593047743977,13.079593047743977
cat__ECO_B30,-12.94042394970139,12.94042394970139
cat__ECO_C37,12.922779329039844,12.922779329039844
cat__TimeControl_1200+12,12.901683208121149,12.901683208121149
cat__TimeControl_1500+3,-12.77515625613431,12.77515625613431
cat__TimeControl_2400+14,-12.659975393149315,12.659975393149315
cat__ECO_B25,12.652127308021434,12.652127308021434
cat__ECO_B32,12.651638691249168,12.651638691249168
cat__ECO_D45,12.649068811003854,12.649068811003854
cat__TimeControl_3600+10,-12.612935144206459,12.612935144206459
cat__TimeControl_1800+0,-12.241259150984575,12.241259150984575
num__WhiteEarlyQueenMove,-12.067373749906823,12.067373749906823
cat__TimeControl_240+3,-11.8506708776231,11.8506708776231
cat__TimeControl_1800+15,-11.413687652084569,11.413687652084569
cat__TimeControl_240+9,-11.348175367417705,11.348175367417705
cat__TimeControl_720+5,-11.177605540679712,11.177605540679712
cat__ECO_A30,-11.154789161093923,11.154789161093923
num__TotalPromotions,-11.1375806826589,11.1375806826589
cat__ECO_C01,10.800277640168382,10.800277640168382
cat__TimeControl_360+8,-10.733707851414655,10.733707851414655
cat__TimeControl_540+6,10.704349274420874,10.704349274420874
num__PlyCount,10.702288688226027,10.702288688226027
cat__TimeControl_900+16,10.57055694881562,10.57055694881562
cat__ECO_A04,-10.52693589777931,10.52693589777931
cat__TimeControl_1200+30,-10.468405724725535,10.468405724725535
cat__TimeControl_1140+11,10.411773140669014,10.411773140669014
num__MoveCount,10.322580319694485,10.322580319694485
cat__TimeControl_660+7,10.241515995702057,10.241515995702057
cat__TimeControl_2400+0,-10.224781241521308,10.224781241521308
cat__ECO_A21,-10.206045442216872,10.206045442216872
cat__TimeControl_780+10,10.195923973220399,10.195923973220399
cat__TimeControl_2400+120,10.192649198266649,10.192649198266649
cat__TimeControl_360+20,10.141792542047453,10.141792542047453
cat__TimeControl_900+20,-10.0326848286599,10.0326848286599
cat__TimeControl_1020+7,-9.98452945232162,9.98452945232162
num__BlackKnightMoves,9.978087332702897,9.978087332702897
cat__ECO_D44,-9.950747552146,9.950747552146
cat__ECO_D35,9.891157710461075,9.891157710461075
cat__Termination_Normal,-9.841282223457238,9.841282223457238
cat__TimeControl_900+9,9.754771308543733,9.754771308543733
num__BlackRookMoves,9.381413178910066,9.381413178910066
num__WhiteCastled,9.379024870423164,9.379024870423164
cat__ECO_B44,9.192858492230082,9.192858492230082
cat__TimeControl_240+1,-9.04485254870228,9.04485254870228
cat__TimeControl_1140+8,-9.04212011053512,9.04212011053512
num__OpeningCheckCount12Ply,-8.967471285190868,8.967471285190868
cat__ECO_A45,8.79779246498896,8.79779246498896
cat__ECO_A13,-8.793052681644378,8.793052681644378
cat__GameLengthBucket_medium,-8.764889842037823,8.764889842037823
num__WhiteRookMoves,8.711897627541777,8.711897627541777
cat__TimeControl_120+5,-8.691827509626917,8.691827509626917
cat__TimeControl_2400+15,8.65170613643871,8.65170613643871
cat__TimeControl_1500+5,-8.511610875743962,8.511610875743962
cat__ECO_B40,8.499362415322,8.499362415322
cat__TimeControl_1080+6,-8.483015581192499,8.483015581192499
cat__TimeControl_540+17,-8.456011307427309,8.456011307427309
num__BlackPawnMoves,8.366287842166702,8.366287842166702
cat__TimeControl_900+10,-8.342066436446444,8.342066436446444
cat__TimeControl_300+16,8.330060998620384,8.330060998620384
cat__TimeControl_10800+150,-8.327977246376737,8.327977246376737
cat__ECO_A02,8.317255110017024,8.317255110017024
num__BlackCastled,8.224135682966361,8.224135682966361
cat__TimeControl_240+14,-8.193483531893413,8.193483531893413
cat__GameLengthBucket_long,8.138039329053324,8.138039329053324
cat__TimeControl_240+10,-7.974053744201666,7.974053744201666
num__BlackQueenMoves,7.93834796754418,7.93834796754418
cat__TimeControl_900+15,7.791167554751363,7.791167554751363
cat__ECO_B03,7.732266662545811,7.732266662545811
cat__TimeControl_360+14,-7.6784547066185995,7.6784547066185995
cat__TimeControl_420+18,-7.2995888523224295,7.2995888523224295
num__WhiteQueenMoves,7.172424673017973,7.172424673017973
cat__TimeControl_720+2,7.166516012225979,7.166516012225979
cat__TimeControl_120+0,-6.844246706267787,6.844246706267787
cat__TimeControl_3600+0,6.778683293713492,6.778683293713492
cat__TimeControl_120+20,-6.494576109925056,6.494576109925056
num__WhiteKnightMoves,6.418413350611711,6.418413350611711
cat__BlackCastleSide_kingside,6.133515455712256,6.133515455712256
cat__ECO_D21,-6.084065279631561,6.084065279631561
num__BlackBishopMoves,5.985600680377454,5.985600680377454
cat__TimeControl_2100+16,5.511232789758502,5.511232789758502
cat__TimeControl_600+11,-5.409458046591026,5.409458046591026
cat__TimeControl_240+16,-5.262315921444178,5.262315921444178
num__EnPassantCount,5.215198280938936,5.215198280938936
cat__ECO_A50,-5.031918961768007,5.031918961768007
cat__TimeControl_1500+10,-4.9569744333575585,4.9569744333575585
cat__ECO_B50,4.819983659005312,4.819983659005312
cat__TimeControl_300+15,-4.818739706603368,4.818739706603368
cat__WhiteCastleSide_queenside,4.76375820036821,4.76375820036821
cat__TimeControl_1800+1,-4.72987095535916,4.72987095535916
num__WhiteBishopMoves,4.69335905545554,4.69335905545554
num__OpeningCaptureCount12Ply,4.625179607250907,4.625179607250907
cat__TimeControl_1200+45,4.458786810990062,4.458786810990062
num__BlackEarlyQueenMove,-4.282162207257634,4.282162207257634
cat__WhiteCastleSide_none,-3.7170897342554037,3.7170897342554037
cat__TimeControl_1800+3,3.664995138677181,3.664995138677181
cat__ECO_B27,-3.622807661318567,3.622807661318567
cat__TimeControl_120+14,3.573593468653031,3.573593468653031
cat__TimeControl_600+1,-3.5600038734917443,3.5600038734917443
cat__BlackCastleSide_none,-3.5544275054490053,3.5544275054490053
cat__TimeControl_1200+10,-3.238546211455395,3.238546211455395
cat__TimeControl_540+12,3.0771253803516805,3.0771253803516805
cat__ECO_C53,-3.062900622006798,3.062900622006798
cat__TimeControl_1800+12,3.0394602341992374,3.0394602341992374
cat__TimeControl_540+3,-2.9565756415204922,2.9565756415204922
cat__TimeControl_1080+5,-2.8101154351763555,2.8101154351763555
cat__BlackCastleSide_queenside,-2.5790865688589784,2.5790865688589784
cat__TimeControl_600+10,-2.4612436773727713,2.4612436773727713
cat__ECO_A03,-2.450692963206936,2.450692963206936
cat__TimeControl_240+4,2.2884223892124362,2.2884223892124362
cat__TimeControl_900+5,-2.1629495307345796,2.1629495307345796
cat__TimeControl_900+3,2.131176593978299,2.131176593978299
cat__TimeControl_720+1,2.0784196275606686,2.0784196275606686
cat__TimeControl_1080+20,2.0358312601290547,2.0358312601290547
cat__TimeControl_720+8,-1.9728620020105823,1.9728620020105823
cat__result_class_draw,1.914859872800998,1.914859872800998
cat__Result_1/2-1/2,1.914859872800989,1.914859872800989
num__TimeControlIncrementSeconds,-1.688037473092321,1.688037473092321
num__WhiteKingMoves,-1.377368779644326,1.377368779644326
cat__TimeControl_420+14,-1.1647325117395035,1.1647325117395035
cat__TimeControl_60+9,-1.1211503602319464,1.1211503602319464
cat__result_class_white_win,-1.0568899517984005,1.0568899517984005
cat__Result_1-0,-1.0568899517928643,1.0568899517928643
cat__WhiteCastleSide_kingside,-1.0466684000652098,1.0466684000652098
cat__TimeControl_2700+5,-1.0272777668737152,1.0272777668737152
cat__TimeControl_840+6,0.9557744787140878,0.9557744787140878
cat__result_class_black_win,-0.8579695389679284,0.8579695389679284
cat__Result_0-1,-0.8579695389661869,0.8579695389661869
num__TimeControlBaseSeconds,-0.854659380171067,0.854659380171067
cat__TimeControl_1500+17,0.8409358203084805,0.8409358203084805
cat__ECO_E61,0.8353071141050047,0.8353071141050047
cat__ECO_C36,0.8280408820142887,0.8280408820142887
cat__TimeControl_7200+14,-0.8256061303500216,0.8256061303500216
cat__GameLengthBucket_short,0.6268515642887437,0.6268515642887437
cat__TimeControl_3600+20,0.5374979794601027,0.5374979794601027
cat__TimeControl_2400+3,0.525034025629615,0.525034025629615
cat__TimeControl_360+2,0.5073503281446732,0.5073503281446732
cat__TimeControl_300+1,-0.24208578708560638,0.24208578708560638
cat__TimeControl_840+18,-0.2189470092031188,0.2189470092031188
num__BlackKingMoves,0.20879706110688323,0.20879706110688323
cat__TimeControl_180+30,0.20272079317890804,0.20272079317890804
cat__TimeControl_780+2,-0.024820660983862507,0.024820660983862507
